"Year","LocationAbbr","LocationDesc","DataSource","TopicType","TopicDesc","MeasureDesc","Data_Value_Unit","Data_Value_Type","Data_Value","Data_Value_Footnote_Symbol","Data_Value_Footnote","Sex","GeoLocation","TopicTypeID","TopicID","MeasureID","SubMeasureID","DisplayOrder"
"2005-2009","PA","Pennsylvania","SAMMEC","Health Consequences and Costs","Smoking-Attributable Mortality (SAM)","Average Annual SAM",,,"9,600",,,"Female","  PA  (40.793730152, -77.860700294)","HLT","500HLT","501SAM","3GEN","03"
"2005-2009","CT","Connecticut","SAMMEC","Health Consequences and Costs","Smoking-Attributable Mortality (SAM)","Average Annual Deaths",,,"7,532",,,"Male","  CT  (41.56266102, -72.649840952)","HLT","500HLT","500SAM","2GEN","02"
"2005-2009","FL","Florida","SAMMEC","Health Consequences and Costs","Smoking-Attributable Mortality (SAM)","Average Annual Deaths",,,"43,948",,,"Female","  FL  (28.932040377, -81.928960539)","HLT","500HLT","500SAM","3GEN","03"
"2005-2009","WA","Washington","SAMMEC","Health Consequences and Costs","Smoking-Attributable Mortality (SAM)","Average Annual SAM",,,"3,690",,,"Female","  WA  (47.522278629, -120.47001079)","HLT","500HLT","501SAM","3GEN","03"
"2005-2009","SD","South Dakota","SAMMEC","Health Consequences and Costs","Smoking-Attributable Mortality (SAM)","Average Annual Deaths",,,"3,954",,,"Overall","  SD  (44.353130053, -100.373530637)","HLT","500HLT","500SAM","1GEN","01"
"2005-2009","MI","Michigan","SAMMEC","Health Consequences and Costs","Smoking-Attributable Mortality (SAM)","Average Annual Deaths",,,"49,756",,,"Overall","  MI  (44.661319543001, -84.71439027)","HLT","500HLT","500SAM","1GEN","01"
"2005-2009","KS","Kansas","SAMMEC","Health Consequences and Costs","Smoking-Attributable Mortality (SAM)","Average Annual SAM",,,"1,850",,,"Female","  KS  (38.3477403, -98.200781227)","HLT","500HLT","501SAM","3GEN","03"
"2005-2009","RI","Rhode Island","SAMMEC","Health Consequences and Costs","Smoking-Attributable Mortality (SAM)","Average Annual SAM",,,"1,780",,,"Overall","  RI  (41.708280193, -71.522470314)","HLT","500HLT","501SAM","1GEN","01"
"2005-2009","MA","Massachusetts","SAMMEC","Health Consequences and Costs","Smoking-Attributable Mortality (SAM)","Average Annual Deaths",,,"14,991",,,"Female","  MA  (42.27687047, -72.082690675)","HLT","500HLT","500SAM","3GEN","03"
"2005-2009","WY","Wyoming","SAMMEC","Health Consequences and Costs","Smoking-Attributable Mortality (SAM)","Average Annual Deaths",,,"2,272",,,"Overall","  WY  (43.235541343, -108.109830353)","HLT","500HLT","500SAM","1GEN","01"
"2005-2009","DC","District of Columbia","SAMMEC","Health Consequences and Costs","Smoking-Attributable Mortality (SAM)","Average Annual Deaths",,,"1,271",,,"Female","  DC  (38.890371385, -77.031961127)","HLT","500HLT","500SAM","3GEN","03"
"2005-2009","PA","Pennsylvania","SAMMEC","Health Consequences and Costs","Smoking-Attributable Mortality (SAM)","Average Annual Deaths",,,"34,484",,,"Male","  PA  (40.793730152, -77.860700294)","HLT","500HLT","500SAM","2GEN","02"
"2005-2009","OH","Ohio","SAMMEC","Health Consequences and Costs","Smoking-Attributable Mortality (SAM)","Average Annual Deaths",,,"29,854",,,"Male","  OH  (40.060210141, -82.404260056)","HLT","500HLT","500SAM","2GEN","02"
"2005-2009","MT","Montana","SAMMEC","Health Consequences and Costs","Smoking-Attributable Mortality (SAM)","Average Annual Deaths",,,"2,353",,,"Male","  MT  (47.066528972, -109.424420645)","HLT","500HLT","500SAM","2GEN","02"
"2005-2009","NC","North Carolina","SAMMEC","Health Consequences and Costs","Smoking-Attributable Mortality (SAM)","Average Annual Deaths",,,"19,793",,,"Female","  NC  (35.466220975, -79.159250463)","HLT","500HLT","500SAM","3GEN","03"
"2005-2009","OK","Oklahoma","SAMMEC","Health Consequences and Costs","Smoking-Attributable Mortality (SAM)","Average Annual SAM",,,"3,120",,,"Female","  OK  (35.472031356, -97.521070214)","HLT","500HLT","501SAM","3GEN","03"
"2005-2009","WY","Wyoming","SAMMEC","Health Consequences and Costs","Smoking-Attributable Mortality (SAM)","Average Annual Deaths",,,"1,177",,,"Male","  WY  (43.235541343, -108.109830353)","HLT","500HLT","500SAM","2GEN","02"
"2005-2009","IA","Iowa","SAMMEC","Health Consequences and Costs","Smoking-Attributable Mortality (SAM)","Average Annual SAM",,,"3,000",,,"Male","  IA  (42.469400913, -93.816490556)","HLT","500HLT","501SAM","2GEN","02"
"2005-2009","IA","Iowa","SAMMEC","Health Consequences and Costs","Smoking-Attributable Mortality (SAM)","Average Annual SAM",,,"5,070",,,"Overall","  IA  (42.469400913, -93.816490556)","HLT","500HLT","501SAM","1GEN","01"
"2005-2009","ND","North Dakota","SAMMEC","Health Consequences and Costs","Smoking-Attributable Mortality (SAM)","Average Annual SAM",,,"610",,,"Male","  ND  (47.475319779, -100.118421049)","HLT","500HLT","501SAM","2GEN","02"
"2005-2009","CA","California","SAMMEC","Health Consequences and Costs","Smoking-Attributable Mortality (SAM)","Average Annual SAM",,,"22,620",,,"Male","  CA  (37.638640123, -120.999999538)","HLT","500HLT","501SAM","2GEN","02"
"2005-2009","MN","Minnesota","SAMMEC","Health Consequences and Costs","Smoking-Attributable Mortality (SAM)","Average Annual SAM",,,"3,440",,,"Male","  MN  (46.355648736, -94.794200503)","HLT","500HLT","501SAM","2GEN","02"
"2005-2009","CO","Colorado","SAMMEC","Health Consequences and Costs","Smoking-Attributable Mortality (SAM)","Average Annual SAM",,,"2,240",,,"Female","  CO  (38.843840757, -106.133610921)","HLT","500HLT","501SAM","3GEN","03"
"2005-2009","DC","District of Columbia","SAMMEC","Health Consequences and Costs","Smoking-Attributable Mortality (SAM)","Average Annual SAM",,,"790",,,"Overall","  DC  (38.890371385, -77.031961127)","HLT","500HLT","501SAM","1GEN","01"
"2005-2009","HI","Hawaii","SAMMEC","Health Consequences and Costs","Smoking-Attributable Mortality (SAM)","Average Annual SAM",,,"1,420",,,"Overall","  HI  (21.304850435, -157.857749403)","HLT","500HLT","501SAM","1GEN","01"
"2005-2009","WI","Wisconsin","SAMMEC","Health Consequences and Costs","Smoking-Attributable Mortality (SAM)","Average Annual Deaths",,,"12,663",,,"Male","  WI  (44.393191174, -89.816370742)","HLT","500HLT","500SAM","2GEN","02"
"2005-2009","NV","Nevada","SAMMEC","Health Consequences and Costs","Smoking-Attributable Mortality (SAM)","Average Annual Deaths",,,"5,580",,,"Male","  NV  (39.49324039, -117.071840564)","HLT","500HLT","500SAM","2GEN","02"
"2005-2009","SD","South Dakota","SAMMEC","Health Consequences and Costs","Smoking-Attributable Mortality (SAM)","Average Annual Deaths",,,"2,060",,,"Male","  SD  (44.353130053, -100.373530637)","HLT","500HLT","500SAM","2GEN","02"
"2005-2009","IA","Iowa","SAMMEC","Health Consequences and Costs","Smoking-Attributable Mortality (SAM)","Average Annual Deaths",,,"8,056",,,"Female","  IA  (42.469400913, -93.816490556)","HLT","500HLT","500SAM","3GEN","03"
"2005-2009","IN","Indiana","SAMMEC","Health Consequences and Costs","Smoking-Attributable Mortality (SAM)","Average Annual SAM",,,"4,740",,,"Female","  IN  (39.766910452, -86.149960194)","HLT","500HLT","501SAM","3GEN","03"
"2005-2009","WY","Wyoming","SAMMEC","Health Consequences and Costs","Smoking-Attributable Mortality (SAM)","Average Annual SAM",,,"350",,,"Female","  WY  (43.235541343, -108.109830353)","HLT","500HLT","501SAM","3GEN","03"
"2005-2009","AR","Arkansas","SAMMEC","Health Consequences and Costs","Smoking-Attributable Mortality (SAM)","Average Annual Deaths",,,"7,941",,,"Female","  AR  (34.748650124, -92.274490743)","HLT","500HLT","500SAM","3GEN","03"
"2005-2009","KS","Kansas","SAMMEC","Health Consequences and Costs","Smoking-Attributable Mortality (SAM)","Average Annual SAM",,,"2,540",,,"Male","  KS  (38.3477403, -98.200781227)","HLT","500HLT","501SAM","2GEN","02"
"2005-2009","IA","Iowa","SAMMEC","Health Consequences and Costs","Smoking-Attributable Mortality (SAM)","Average Annual Deaths",,,"7,938",,,"Male","  IA  (42.469400913, -93.816490556)","HLT","500HLT","500SAM","2GEN","02"
"2005-2009","AZ","Arizona","SAMMEC","Health Consequences and Costs","Smoking-Attributable Mortality (SAM)","Average Annual SAM",,,"8,250",,,"Overall","  AZ  (34.86597028, -111.763811277)","HLT","500HLT","501SAM","1GEN","01"
"2005-2009","MA","Massachusetts","SAMMEC","Health Consequences and Costs","Smoking-Attributable Mortality (SAM)","Average Annual Deaths",,,"28,812",,,"Overall","  MA  (42.27687047, -72.082690675)","HLT","500HLT","500SAM","1GEN","01"
"2005-2009","CO","Colorado","SAMMEC","Health Consequences and Costs","Smoking-Attributable Mortality (SAM)","Average Annual SAM",,,"2,820",,,"Male","  CO  (38.843840757, -106.133610921)","HLT","500HLT","501SAM","2GEN","02"
"2005-2009","NV","Nevada","SAMMEC","Health Consequences and Costs","Smoking-Attributable Mortality (SAM)","Average Annual SAM",,,"2,290",,,"Male","  NV  (39.49324039, -117.071840564)","HLT","500HLT","501SAM","2GEN","02"
"2005-2009","RI","Rhode Island","SAMMEC","Health Consequences and Costs","Smoking-Attributable Mortality (SAM)","Average Annual SAM",,,"860",,,"Female","  RI  (41.708280193, -71.522470314)","HLT","500HLT","501SAM","3GEN","03"
"2005-2009","WA","Washington","SAMMEC","Health Consequences and Costs","Smoking-Attributable Mortality (SAM)","Average Annual Deaths",,,"12,318",,,"Female","  WA  (47.522278629, -120.47001079)","HLT","500HLT","500SAM","3GEN","03"
"2005-2009","IN","Indiana","SAMMEC","Health Consequences and Costs","Smoking-Attributable Mortality (SAM)","Average Annual Deaths",,,"15,793",,,"Male","  IN  (39.766910452, -86.149960194)","HLT","500HLT","500SAM","2GEN","02"
"2005-2009","ME","Maine","SAMMEC","Health Consequences and Costs","Smoking-Attributable Mortality (SAM)","Average Annual SAM",,,"1,040",,,"Female","  ME  (45.254228894001, -68.985031336)","HLT","500HLT","501SAM","3GEN","03"
"2005-2009","ND","North Dakota","SAMMEC","Health Consequences and Costs","Smoking-Attributable Mortality (SAM)","Average Annual Deaths",,,"1,543",,,"Female","  ND  (47.475319779, -100.118421049)","HLT","500HLT","500SAM","3GEN","03"
"2005-2009","NE","Nebraska","SAMMEC","Health Consequences and Costs","Smoking-Attributable Mortality (SAM)","Average Annual Deaths",,,"8,098",,,"Overall","  NE  (41.641040988001, -99.365720623)","HLT","500HLT","500SAM","1GEN","01"
"2005-2009","NH","New Hampshire","SAMMEC","Health Consequences and Costs","Smoking-Attributable Mortality (SAM)","Average Annual SAM",,,"1,050",,,"Male","  NH  (43.655950113, -71.50036092)","HLT","500HLT","501SAM","2GEN","02"
"2005-2009","OR","Oregon","SAMMEC","Health Consequences and Costs","Smoking-Attributable Mortality (SAM)","Average Annual Deaths",,,"7,958",,,"Female","  OR  (44.567449424, -120.155031326)","HLT","500HLT","500SAM","3GEN","03"
"2005-2009","WV","West Virginia","SAMMEC","Health Consequences and Costs","Smoking-Attributable Mortality (SAM)","Average Annual Deaths",,,"5,928",,,"Female","  WV  (38.665510202, -80.712640135)","HLT","500HLT","500SAM","3GEN","03"
"2005-2009","WA","Washington","SAMMEC","Health Consequences and Costs","Smoking-Attributable Mortality (SAM)","Average Annual SAM",,,"4,610",,,"Male","  WA  (47.522278629, -120.47001079)","HLT","500HLT","501SAM","2GEN","02"
"2005-2009","UT","Utah","SAMMEC","Health Consequences and Costs","Smoking-Attributable Mortality (SAM)","Average Annual Deaths",,,"6,248",,,"Overall","  UT  (39.360700171, -111.587130635)","HLT","500HLT","500SAM","1GEN","01"
"2005-2009","IA","Iowa","SAMMEC","Health Consequences and Costs","Smoking-Attributable Mortality (SAM)","Average Annual SAM",,,"2,060",,,"Female","  IA  (42.469400913, -93.816490556)","HLT","500HLT","501SAM","3GEN","03"
"2005-2009","GA","Georgia","SAMMEC","Health Consequences and Costs","Smoking-Attributable Mortality (SAM)","Average Annual SAM",,,"4,700",,,"Female","  GA  (32.839681093, -83.627580346)","HLT","500HLT","501SAM","3GEN","03"
"2005-2009","NM","New Mexico","SAMMEC","Health Consequences and Costs","Smoking-Attributable Mortality (SAM)","Average Annual Deaths",,,"3,691",,,"Female","  NM  (34.520880952, -106.240580985)","HLT","500HLT","500SAM","3GEN","03"
"2005-2009","KY","Kentucky","SAMMEC","Health Consequences and Costs","Smoking-Attributable Mortality (SAM)","Average Annual Deaths",,,"23,149",,,"Overall","  KY  (37.645970271, -84.774971048)","HLT","500HLT","500SAM","1GEN","01"
"2005-2009","UT","Utah","SAMMEC","Health Consequences and Costs","Smoking-Attributable Mortality (SAM)","Average Annual Deaths",,,"3,243",,,"Male","  UT  (39.360700171, -111.587130635)","HLT","500HLT","500SAM","2GEN","02"
"2005-2009","IL","Illinois","SAMMEC","Health Consequences and Costs","Smoking-Attributable Mortality (SAM)","Average Annual Deaths",,,"28,630",,,"Female","  IL  (40.485010283, -88.997710178)","HLT","500HLT","500SAM","3GEN","03"
"2005-2009","TX","Texas","SAMMEC","Health Consequences and Costs","Smoking-Attributable Mortality (SAM)","Average Annual SAM",,,"28,030",,,"Overall","  TX  (31.827240407, -99.426770206)","HLT","500HLT","501SAM","1GEN","01"
"2005-2009","KS","Kansas","SAMMEC","Health Consequences and Costs","Smoking-Attributable Mortality (SAM)","Average Annual SAM",,,"4,390",,,"Overall","  KS  (38.3477403, -98.200781227)","HLT","500HLT","501SAM","1GEN","01"
"2005-2009","HI","Hawaii","SAMMEC","Health Consequences and Costs","Smoking-Attributable Mortality (SAM)","Average Annual Deaths",,,"2,219",,,"Female","  HI  (21.304850435, -157.857749403)","HLT","500HLT","500SAM","3GEN","03"
"2005-2009","OH","Ohio","SAMMEC","Health Consequences and Costs","Smoking-Attributable Mortality (SAM)","Average Annual SAM",,,"20,180",,,"Overall","  OH  (40.060210141, -82.404260056)","HLT","500HLT","501SAM","1GEN","01"
"2005-2009","NC","North Carolina","SAMMEC","Health Consequences and Costs","Smoking-Attributable Mortality (SAM)","Average Annual SAM",,,"8,380",,,"Male","  NC  (35.466220975, -79.159250463)","HLT","500HLT","501SAM","2GEN","02"
"2005-2009","OK","Oklahoma","SAMMEC","Health Consequences and Costs","Smoking-Attributable Mortality (SAM)","Average Annual SAM",,,"4,370",,,"Male","  OK  (35.472031356, -97.521070214)","HLT","500HLT","501SAM","2GEN","02"
"2005-2009","MT","Montana","SAMMEC","Health Consequences and Costs","Smoking-Attributable Mortality (SAM)","Average Annual Deaths",,,"2,172",,,"Female","  MT  (47.066528972, -109.424420645)","HLT","500HLT","500SAM","3GEN","03"
"2005-2009","TN","Tennessee","SAMMEC","Health Consequences and Costs","Smoking-Attributable Mortality (SAM)","Average Annual Deaths",,,"32,019",,,"Overall","  TN  (35.68094058, -85.774490914)","HLT","500HLT","500SAM","1GEN","01"
"2005-2009","NE","Nebraska","SAMMEC","Health Consequences and Costs","Smoking-Attributable Mortality (SAM)","Average Annual Deaths",,,"4,025",,,"Male","  NE  (41.641040988001, -99.365720623)","HLT","500HLT","500SAM","2GEN","02"
"2005-2009","GA","Georgia","SAMMEC","Health Consequences and Costs","Smoking-Attributable Mortality (SAM)","Average Annual Deaths",,,"17,660",,,"Male","  GA  (32.839681093, -83.627580346)","HLT","500HLT","500SAM","2GEN","02"
"2005-2009","TX","Texas","SAMMEC","Health Consequences and Costs","Smoking-Attributable Mortality (SAM)","Average Annual SAM",,,"11,460",,,"Female","  TX  (31.827240407, -99.426770206)","HLT","500HLT","501SAM","3GEN","03"
"2005-2009","WV","West Virginia","SAMMEC","Health Consequences and Costs","Smoking-Attributable Mortality (SAM)","Average Annual Deaths",,,"5,979",,,"Male","  WV  (38.665510202, -80.712640135)","HLT","500HLT","500SAM","2GEN","02"
"2005-2009","PA","Pennsylvania","SAMMEC","Health Consequences and Costs","Smoking-Attributable Mortality (SAM)","Average Annual SAM",,,"12,400",,,"Male","  PA  (40.793730152, -77.860700294)","HLT","500HLT","501SAM","2GEN","02"
"2005-2009","NM","New Mexico","SAMMEC","Health Consequences and Costs","Smoking-Attributable Mortality (SAM)","Average Annual SAM",,,"1,100",,,"Female","  NM  (34.520880952, -106.240580985)","HLT","500HLT","501SAM","3GEN","03"
"2005-2009","NM","New Mexico","SAMMEC","Health Consequences and Costs","Smoking-Attributable Mortality (SAM)","Average Annual Deaths",,,"3,995",,,"Male","  NM  (34.520880952, -106.240580985)","HLT","500HLT","500SAM","2GEN","02"
"2005-2009","VT","Vermont","SAMMEC","Health Consequences and Costs","Smoking-Attributable Mortality (SAM)","Average Annual Deaths",,,"1,390",,,"Female","  VT  (43.625381239, -72.517640791)","HLT","500HLT","500SAM","3GEN","03"
"2005-2009","WV","West Virginia","SAMMEC","Health Consequences and Costs","Smoking-Attributable Mortality (SAM)","Average Annual SAM",,,"4,280",,,"Overall","  WV  (38.665510202, -80.712640135)","HLT","500HLT","501SAM","1GEN","01"
"2005-2009","OK","Oklahoma","SAMMEC","Health Consequences and Costs","Smoking-Attributable Mortality (SAM)","Average Annual SAM",,,"7,490",,,"Overall","  OK  (35.472031356, -97.521070214)","HLT","500HLT","501SAM","1GEN","01"
"2005-2009","NC","North Carolina","SAMMEC","Health Consequences and Costs","Smoking-Attributable Mortality (SAM)","Average Annual Deaths",,,"40,359",,,"Overall","  NC  (35.466220975, -79.159250463)","HLT","500HLT","500SAM","1GEN","01"
"2005-2009","AZ","Arizona","SAMMEC","Health Consequences and Costs","Smoking-Attributable Mortality (SAM)","Average Annual Deaths",,,"12,406",,,"Male","  AZ  (34.86597028, -111.763811277)","HLT","500HLT","500SAM","2GEN","02"
"2005-2009","AK","Alaska","SAMMEC","Health Consequences and Costs","Smoking-Attributable Mortality (SAM)","Average Annual Deaths",,,"683",,,"Female","  AK  (64.845079957001, -147.722059036)","HLT","500HLT","500SAM","3GEN","03"
"2005-2009","OH","Ohio","SAMMEC","Health Consequences and Costs","Smoking-Attributable Mortality (SAM)","Average Annual SAM",,,"8,680",,,"Female","  OH  (40.060210141, -82.404260056)","HLT","500HLT","501SAM","3GEN","03"
"2005-2009","MD","Maryland","SAMMEC","Health Consequences and Costs","Smoking-Attributable Mortality (SAM)","Average Annual SAM",,,"3,460",,,"Female","  MD  (39.290580964, -76.609260111)","HLT","500HLT","501SAM","3GEN","03"
"2005-2009","OK","Oklahoma","SAMMEC","Health Consequences and Costs","Smoking-Attributable Mortality (SAM)","Average Annual Deaths",,,"10,232",,,"Female","  OK  (35.472031356, -97.521070214)","HLT","500HLT","500SAM","3GEN","03"
"2005-2009","CA","California","SAMMEC","Health Consequences and Costs","Smoking-Attributable Mortality (SAM)","Average Annual SAM",,,"17,340",,,"Female","  CA  (37.638640123, -120.999999538)","HLT","500HLT","501SAM","3GEN","03"
"2005-2009","TN","Tennessee","SAMMEC","Health Consequences and Costs","Smoking-Attributable Mortality (SAM)","Average Annual SAM",,,"4,610",,,"Female","  TN  (35.68094058, -85.774490914)","HLT","500HLT","501SAM","3GEN","03"
"2005-2009","KY","Kentucky","SAMMEC","Health Consequences and Costs","Smoking-Attributable Mortality (SAM)","Average Annual SAM",,,"5,120",,,"Male","  KY  (37.645970271, -84.774971048)","HLT","500HLT","501SAM","2GEN","02"
"2005-2009","RI","Rhode Island","SAMMEC","Health Consequences and Costs","Smoking-Attributable Mortality (SAM)","Average Annual Deaths",,,"5,484",,,"Overall","  RI  (41.708280193, -71.522470314)","HLT","500HLT","500SAM","1GEN","01"
"2005-2009","AK","Alaska","SAMMEC","Health Consequences and Costs","Smoking-Attributable Mortality (SAM)","Average Annual SAM",,,"250",,,"Female","  AK  (64.845079957001, -147.722059036)","HLT","500HLT","501SAM","3GEN","03"
"2005-2009","UT","Utah","SAMMEC","Health Consequences and Costs","Smoking-Attributable Mortality (SAM)","Average Annual Deaths",,,"3,004",,,"Female","  UT  (39.360700171, -111.587130635)","HLT","500HLT","500SAM","3GEN","03"
"2005-2009","AK","Alaska","SAMMEC","Health Consequences and Costs","Smoking-Attributable Mortality (SAM)","Average Annual Deaths",,,"1,585",,,"Overall","  AK  (64.845079957001, -147.722059036)","HLT","500HLT","500SAM","1GEN","01"
"2005-2009","NV","Nevada","SAMMEC","Health Consequences and Costs","Smoking-Attributable Mortality (SAM)","Average Annual Deaths",,,"10,121",,,"Overall","  NV  (39.49324039, -117.071840564)","HLT","500HLT","500SAM","1GEN","01"
"2005-2009","WI","Wisconsin","SAMMEC","Health Consequences and Costs","Smoking-Attributable Mortality (SAM)","Average Annual SAM",,,"3,320",,,"Female","  WI  (44.393191174, -89.816370742)","HLT","500HLT","501SAM","3GEN","03"
"2005-2009","WV","West Virginia","SAMMEC","Health Consequences and Costs","Smoking-Attributable Mortality (SAM)","Average Annual Deaths",,,"11,901",,,"Overall","  WV  (38.665510202, -80.712640135)","HLT","500HLT","500SAM","1GEN","01"
"2005-2009","NM","New Mexico","SAMMEC","Health Consequences and Costs","Smoking-Attributable Mortality (SAM)","Average Annual Deaths",,,"7,690",,,"Overall","  NM  (34.520880952, -106.240580985)","HLT","500HLT","500SAM","1GEN","01"
"2005-2009","TX","Texas","SAMMEC","Health Consequences and Costs","Smoking-Attributable Mortality (SAM)","Average Annual Deaths",,,"43,898",,,"Male","  TX  (31.827240407, -99.426770206)","HLT","500HLT","500SAM","2GEN","02"
"2005-2009","MS","Mississippi","SAMMEC","Health Consequences and Costs","Smoking-Attributable Mortality (SAM)","Average Annual SAM",,,"3,360",,,"Male","  MS  (32.745510099, -89.538030825)","HLT","500HLT","501SAM","2GEN","02"
"2005-2009","AL","Alabama","SAMMEC","Health Consequences and Costs","Smoking-Attributable Mortality (SAM)","Average Annual SAM",,,"5,290",,,"Male","  AL  (32.840571122, -86.631860762)","HLT","500HLT","501SAM","2GEN","02"
"2005-2009","CA","California","SAMMEC","Health Consequences and Costs","Smoking-Attributable Mortality (SAM)","Average Annual SAM",,,"39,950",,,"Overall","  CA  (37.638640123, -120.999999538)","HLT","500HLT","501SAM","1GEN","01"
"2005-2009","ND","North Dakota","SAMMEC","Health Consequences and Costs","Smoking-Attributable Mortality (SAM)","Average Annual SAM",,,"980",,,"Overall","  ND  (47.475319779, -100.118421049)","HLT","500HLT","501SAM","1GEN","01"
"2005-2009","PA","Pennsylvania","SAMMEC","Health Consequences and Costs","Smoking-Attributable Mortality (SAM)","Average Annual Deaths",,,"70,411",,,"Overall","  PA  (40.793730152, -77.860700294)","HLT","500HLT","500SAM","1GEN","01"
"2005-2009","VT","Vermont","SAMMEC","Health Consequences and Costs","Smoking-Attributable Mortality (SAM)","Average Annual Deaths",,,"1,403",,,"Male","  VT  (43.625381239, -72.517640791)","HLT","500HLT","500SAM","2GEN","02"
"2005-2009","LA","Louisiana","SAMMEC","Health Consequences and Costs","Smoking-Attributable Mortality (SAM)","Average Annual Deaths",,,"11,080",,,"Male","  LA  (31.312660644, -92.445680071)","HLT","500HLT","500SAM","2GEN","02"
"2005-2009","ME","Maine","SAMMEC","Health Consequences and Costs","Smoking-Attributable Mortality (SAM)","Average Annual SAM",,,"2,390",,,"Overall","  ME  (45.254228894001, -68.985031336)","HLT","500HLT","501SAM","1GEN","01"
"2005-2009","VA","Virginia","SAMMEC","Health Consequences and Costs","Smoking-Attributable Mortality (SAM)","Average Annual SAM",,,"4,430",,,"Female","  VA  (37.542680674, -78.457890463)","HLT","500HLT","501SAM","3GEN","03"
"2005-2009","MI","Michigan","SAMMEC","Health Consequences and Costs","Smoking-Attributable Mortality (SAM)","Average Annual Deaths",,,"24,816",,,"Female","  MI  (44.661319543001, -84.71439027)","HLT","500HLT","500SAM","3GEN","03"
"2005-2009","OR","Oregon","SAMMEC","Health Consequences and Costs","Smoking-Attributable Mortality (SAM)","Average Annual SAM",,,"3,070",,,"Male","  OR  (44.567449424, -120.155031326)","HLT","500HLT","501SAM","2GEN","02"
"2005-2009","HI","Hawaii","SAMMEC","Health Consequences and Costs","Smoking-Attributable Mortality (SAM)","Average Annual SAM",,,"500",,,"Female","  HI  (21.304850435, -157.857749403)","HLT","500HLT","501SAM","3GEN","03"
"2005-2009","WI","Wisconsin","SAMMEC","Health Consequences and Costs","Smoking-Attributable Mortality (SAM)","Average Annual Deaths",,,"25,027",,,"Overall","  WI  (44.393191174, -89.816370742)","HLT","500HLT","500SAM","1GEN","01"
"2005-2009","FL","Florida","SAMMEC","Health Consequences and Costs","Smoking-Attributable Mortality (SAM)","Average Annual SAM",,,"32,300",,,"Overall","  FL  (28.932040377, -81.928960539)","HLT","500HLT","501SAM","1GEN","01"
"2005-2009","KS","Kansas","SAMMEC","Health Consequences and Costs","Smoking-Attributable Mortality (SAM)","Average Annual Deaths",,,"6,740",,,"Male","  KS  (38.3477403, -98.200781227)","HLT","500HLT","500SAM","2GEN","02"
"2005-2009","HI","Hawaii","SAMMEC","Health Consequences and Costs","Smoking-Attributable Mortality (SAM)","Average Annual Deaths",,,"2,899",,,"Male","  HI  (21.304850435, -157.857749403)","HLT","500HLT","500SAM","2GEN","02"
"2005-2009","CT","Connecticut","SAMMEC","Health Consequences and Costs","Smoking-Attributable Mortality (SAM)","Average Annual Deaths",,,"8,271",,,"Female","  CT  (41.56266102, -72.649840952)","HLT","500HLT","500SAM","3GEN","03"
"2005-2009","WY","Wyoming","SAMMEC","Health Consequences and Costs","Smoking-Attributable Mortality (SAM)","Average Annual Deaths",,,"1,096",,,"Female","  WY  (43.235541343, -108.109830353)","HLT","500HLT","500SAM","3GEN","03"
"2005-2009","MA","Massachusetts","SAMMEC","Health Consequences and Costs","Smoking-Attributable Mortality (SAM)","Average Annual SAM",,,"4,450",,,"Female","  MA  (42.27687047, -72.082690675)","HLT","500HLT","501SAM","3GEN","03"
"2005-2009","LA","Louisiana","SAMMEC","Health Consequences and Costs","Smoking-Attributable Mortality (SAM)","Average Annual Deaths",,,"21,575",,,"Overall","  LA  (31.312660644, -92.445680071)","HLT","500HLT","500SAM","1GEN","01"
"2005-2009","OH","Ohio","SAMMEC","Health Consequences and Costs","Smoking-Attributable Mortality (SAM)","Average Annual Deaths",,,"29,857",,,"Female","  OH  (40.060210141, -82.404260056)","HLT","500HLT","500SAM","3GEN","03"
"2005-2009","WI","Wisconsin","SAMMEC","Health Consequences and Costs","Smoking-Attributable Mortality (SAM)","Average Annual Deaths",,,"12,359",,,"Female","  WI  (44.393191174, -89.816370742)","HLT","500HLT","500SAM","3GEN","03"
"2005-2009","WV","West Virginia","SAMMEC","Health Consequences and Costs","Smoking-Attributable Mortality (SAM)","Average Annual SAM",,,"1,840",,,"Female","  WV  (38.665510202, -80.712640135)","HLT","500HLT","501SAM","3GEN","03"
"2005-2009","DE","Delaware","SAMMEC","Health Consequences and Costs","Smoking-Attributable Mortality (SAM)","Average Annual SAM",,,"790",,,"Male","  DE  (39.008830667, -75.577741168)","HLT","500HLT","501SAM","2GEN","02"
"2005-2009","NE","Nebraska","SAMMEC","Health Consequences and Costs","Smoking-Attributable Mortality (SAM)","Average Annual SAM",,,"2,510",,,"Overall","  NE  (41.641040988001, -99.365720623)","HLT","500HLT","501SAM","1GEN","01"
"2005-2009","MI","Michigan","SAMMEC","Health Consequences and Costs","Smoking-Attributable Mortality (SAM)","Average Annual SAM",,,"7,010",,,"Female","  MI  (44.661319543001, -84.71439027)","HLT","500HLT","501SAM","3GEN","03"
"2005-2009","MS","Mississippi","SAMMEC","Health Consequences and Costs","Smoking-Attributable Mortality (SAM)","Average Annual Deaths",,,"7,987",,,"Male","  MS  (32.745510099, -89.538030825)","HLT","500HLT","500SAM","2GEN","02"
"2005-2009","AL","Alabama","SAMMEC","Health Consequences and Costs","Smoking-Attributable Mortality (SAM)","Average Annual Deaths",,,"13,145",,,"Male","  AL  (32.840571122, -86.631860762)","HLT","500HLT","500SAM","2GEN","02"
"2005-2009","MS","Mississippi","SAMMEC","Health Consequences and Costs","Smoking-Attributable Mortality (SAM)","Average Annual Deaths",,,"15,544",,,"Overall","  MS  (32.745510099, -89.538030825)","HLT","500HLT","500SAM","1GEN","01"
"2005-2009","DE","Delaware","SAMMEC","Health Consequences and Costs","Smoking-Attributable Mortality (SAM)","Average Annual Deaths",,,"2,063",,,"Male","  DE  (39.008830667, -75.577741168)","HLT","500HLT","500SAM","2GEN","02"
"2005-2009","MI","Michigan","SAMMEC","Health Consequences and Costs","Smoking-Attributable Mortality (SAM)","Average Annual SAM",,,"9,170",,,"Male","  MI  (44.661319543001, -84.71439027)","HLT","500HLT","501SAM","2GEN","02"
"2005-2009","TN","Tennessee","SAMMEC","Health Consequences and Costs","Smoking-Attributable Mortality (SAM)","Average Annual Deaths",,,"16,355",,,"Male","  TN  (35.68094058, -85.774490914)","HLT","500HLT","500SAM","2GEN","02"
"2005-2009","MA","Massachusetts","SAMMEC","Health Consequences and Costs","Smoking-Attributable Mortality (SAM)","Average Annual SAM",,,"9,300",,,"Overall","  MA  (42.27687047, -72.082690675)","HLT","500HLT","501SAM","1GEN","01"
"2005-2009","AL","Alabama","SAMMEC","Health Consequences and Costs","Smoking-Attributable Mortality (SAM)","Average Annual Deaths",,,"25,830",,,"Overall","  AL  (32.840571122, -86.631860762)","HLT","500HLT","500SAM","1GEN","01"
"2005-2009","MD","Maryland","SAMMEC","Health Consequences and Costs","Smoking-Attributable Mortality (SAM)","Average Annual Deaths",,,"23,467",,,"Overall","  MD  (39.290580964, -76.609260111)","HLT","500HLT","500SAM","1GEN","01"
"2005-2009","VA","Virginia","SAMMEC","Health Consequences and Costs","Smoking-Attributable Mortality (SAM)","Average Annual Deaths",,,"31,061",,,"Overall","  VA  (37.542680674, -78.457890463)","HLT","500HLT","500SAM","1GEN","01"
"2005-2009","WY","Wyoming","SAMMEC","Health Consequences and Costs","Smoking-Attributable Mortality (SAM)","Average Annual SAM",,,"800",,,"Overall","  WY  (43.235541343, -108.109830353)","HLT","500HLT","501SAM","1GEN","01"
"2005-2009","MN","Minnesota","SAMMEC","Health Consequences and Costs","Smoking-Attributable Mortality (SAM)","Average Annual Deaths",,,"9,552",,,"Male","  MN  (46.355648736, -94.794200503)","HLT","500HLT","500SAM","2GEN","02"
"2005-2009","UT","Utah","SAMMEC","Health Consequences and Costs","Smoking-Attributable Mortality (SAM)","Average Annual SAM",,,"880",,,"Male","  UT  (39.360700171, -111.587130635)","HLT","500HLT","501SAM","2GEN","02"
"2005-2009","MT","Montana","SAMMEC","Health Consequences and Costs","Smoking-Attributable Mortality (SAM)","Average Annual SAM",,,"1,570",,,"Overall","  MT  (47.066528972, -109.424420645)","HLT","500HLT","501SAM","1GEN","01"
"2005-2009","GA","Georgia","SAMMEC","Health Consequences and Costs","Smoking-Attributable Mortality (SAM)","Average Annual Deaths",,,"34,530",,,"Overall","  GA  (32.839681093, -83.627580346)","HLT","500HLT","500SAM","1GEN","01"
"2005-2009","NE","Nebraska","SAMMEC","Health Consequences and Costs","Smoking-Attributable Mortality (SAM)","Average Annual Deaths",,,"4,070",,,"Female","  NE  (41.641040988001, -99.365720623)","HLT","500HLT","500SAM","3GEN","03"
"2005-2009","MO","Missouri","SAMMEC","Health Consequences and Costs","Smoking-Attributable Mortality (SAM)","Average Annual SAM",,,"4,760",,,"Female","  MO  (38.635790776, -92.566300053)","HLT","500HLT","501SAM","3GEN","03"
"2005-2009","NJ","New Jersey","SAMMEC","Health Consequences and Costs","Smoking-Attributable Mortality (SAM)","Average Annual SAM",,,"6,310",,,"Male","  NJ  (40.130570048, -74.273691288)","HLT","500HLT","501SAM","2GEN","02"
"2005-2009","KS","Kansas","SAMMEC","Health Consequences and Costs","Smoking-Attributable Mortality (SAM)","Average Annual Deaths",,,"13,619",,,"Overall","  KS  (38.3477403, -98.200781227)","HLT","500HLT","500SAM","1GEN","01"
"2005-2009","WA","Washington","SAMMEC","Health Consequences and Costs","Smoking-Attributable Mortality (SAM)","Average Annual Deaths",,,"12,793",,,"Male","  WA  (47.522278629, -120.47001079)","HLT","500HLT","500SAM","2GEN","02"
"2005-2009","LA","Louisiana","SAMMEC","Health Consequences and Costs","Smoking-Attributable Mortality (SAM)","Average Annual SAM",,,"2,890",,,"Female","  LA  (31.312660644, -92.445680071)","HLT","500HLT","501SAM","3GEN","03"
"2005-2009","WI","Wisconsin","SAMMEC","Health Consequences and Costs","Smoking-Attributable Mortality (SAM)","Average Annual SAM",,,"7,850",,,"Overall","  WI  (44.393191174, -89.816370742)","HLT","500HLT","501SAM","1GEN","01"
"2005-2009","RI","Rhode Island","SAMMEC","Health Consequences and Costs","Smoking-Attributable Mortality (SAM)","Average Annual Deaths",,,"2,888",,,"Female","  RI  (41.708280193, -71.522470314)","HLT","500HLT","500SAM","3GEN","03"
"2005-2009","NE","Nebraska","SAMMEC","Health Consequences and Costs","Smoking-Attributable Mortality (SAM)","Average Annual SAM",,,"1,490",,,"Male","  NE  (41.641040988001, -99.365720623)","HLT","500HLT","501SAM","2GEN","02"
"2005-2009","MN","Minnesota","SAMMEC","Health Consequences and Costs","Smoking-Attributable Mortality (SAM)","Average Annual Deaths",,,"9,245",,,"Female","  MN  (46.355648736, -94.794200503)","HLT","500HLT","500SAM","3GEN","03"
"2005-2009","AZ","Arizona","SAMMEC","Health Consequences and Costs","Smoking-Attributable Mortality (SAM)","Average Annual Deaths",,,"10,936",,,"Female","  AZ  (34.86597028, -111.763811277)","HLT","500HLT","500SAM","3GEN","03"
"2005-2009","DE","Delaware","SAMMEC","Health Consequences and Costs","Smoking-Attributable Mortality (SAM)","Average Annual Deaths",,,"4,082",,,"Overall","  DE  (39.008830667, -75.577741168)","HLT","500HLT","500SAM","1GEN","01"
"2005-2009","HI","Hawaii","SAMMEC","Health Consequences and Costs","Smoking-Attributable Mortality (SAM)","Average Annual SAM",,,"920",,,"Male","  HI  (21.304850435, -157.857749403)","HLT","500HLT","501SAM","2GEN","02"
"2005-2009","VA","Virginia","SAMMEC","Health Consequences and Costs","Smoking-Attributable Mortality (SAM)","Average Annual Deaths",,,"15,689",,,"Male","  VA  (37.542680674, -78.457890463)","HLT","500HLT","500SAM","2GEN","02"
"2005-2009","ID","Idaho","SAMMEC","Health Consequences and Costs","Smoking-Attributable Mortality (SAM)","Average Annual SAM",,,"730",,,"Female","  ID  (43.682630005, -114.363730042)","HLT","500HLT","501SAM","3GEN","03"
"2005-2009","DC","District of Columbia","SAMMEC","Health Consequences and Costs","Smoking-Attributable Mortality (SAM)","Average Annual Deaths",,,"2,536",,,"Overall","  DC  (38.890371385, -77.031961127)","HLT","500HLT","500SAM","1GEN","01"
"2005-2009","SD","South Dakota","SAMMEC","Health Consequences and Costs","Smoking-Attributable Mortality (SAM)","Average Annual SAM",,,"470",,,"Female","  SD  (44.353130053, -100.373530637)","HLT","500HLT","501SAM","3GEN","03"
"2005-2009","GA","Georgia","SAMMEC","Health Consequences and Costs","Smoking-Attributable Mortality (SAM)","Average Annual Deaths",,,"16,868",,,"Female","  GA  (32.839681093, -83.627580346)","HLT","500HLT","500SAM","3GEN","03"
"2005-2009","MO","Missouri","SAMMEC","Health Consequences and Costs","Smoking-Attributable Mortality (SAM)","Average Annual SAM",,,"6,220",,,"Male","  MO  (38.635790776, -92.566300053)","HLT","500HLT","501SAM","2GEN","02"
"2005-2009","DE","Delaware","SAMMEC","Health Consequences and Costs","Smoking-Attributable Mortality (SAM)","Average Annual Deaths",,,"2,020",,,"Female","  DE  (39.008830667, -75.577741168)","HLT","500HLT","500SAM","3GEN","03"
"2005-2009","NH","New Hampshire","SAMMEC","Health Consequences and Costs","Smoking-Attributable Mortality (SAM)","Average Annual SAM",,,"1,940",,,"Overall","  NH  (43.655950113, -71.50036092)","HLT","500HLT","501SAM","1GEN","01"
"2005-2009","TX","Texas","SAMMEC","Health Consequences and Costs","Smoking-Attributable Mortality (SAM)","Average Annual Deaths",,,"41,095",,,"Female","  TX  (31.827240407, -99.426770206)","HLT","500HLT","500SAM","3GEN","03"
"2005-2009","ID","Idaho","SAMMEC","Health Consequences and Costs","Smoking-Attributable Mortality (SAM)","Average Annual SAM",,,"1,070",,,"Male","  ID  (43.682630005, -114.363730042)","HLT","500HLT","501SAM","2GEN","02"
"2005-2009","AK","Alaska","SAMMEC","Health Consequences and Costs","Smoking-Attributable Mortality (SAM)","Average Annual SAM",,,"610",,,"Overall","  AK  (64.845079957001, -147.722059036)","HLT","500HLT","501SAM","1GEN","01"
"2005-2009","AK","Alaska","SAMMEC","Health Consequences and Costs","Smoking-Attributable Mortality (SAM)","Average Annual SAM",,,"360",,,"Male","  AK  (64.845079957001, -147.722059036)","HLT","500HLT","501SAM","2GEN","02"
"2005-2009","TX","Texas","SAMMEC","Health Consequences and Costs","Smoking-Attributable Mortality (SAM)","Average Annual SAM",,,"16,570",,,"Male","  TX  (31.827240407, -99.426770206)","HLT","500HLT","501SAM","2GEN","02"
"2005-2009","NY","New York","SAMMEC","Health Consequences and Costs","Smoking-Attributable Mortality (SAM)","Average Annual Deaths",,,"90,374",,,"Overall","  NY  (42.827001032, -75.543970427)","HLT","500HLT","500SAM","1GEN","01"
"2005-2009","IL","Illinois","SAMMEC","Health Consequences and Costs","Smoking-Attributable Mortality (SAM)","Average Annual SAM",,,"18,280",,,"Overall","  IL  (40.485010283, -88.997710178)","HLT","500HLT","501SAM","1GEN","01"
"2005-2009","OH","Ohio","SAMMEC","Health Consequences and Costs","Smoking-Attributable Mortality (SAM)","Average Annual SAM",,,"11,500",,,"Male","  OH  (40.060210141, -82.404260056)","HLT","500HLT","501SAM","2GEN","02"
"2005-2009","MD","Maryland","SAMMEC","Health Consequences and Costs","Smoking-Attributable Mortality (SAM)","Average Annual SAM",,,"7,490",,,"Overall","  MD  (39.290580964, -76.609260111)","HLT","500HLT","501SAM","1GEN","01"
"2005-2009","ID","Idaho","SAMMEC","Health Consequences and Costs","Smoking-Attributable Mortality (SAM)","Average Annual Deaths",,,"5,650",,,"Overall","  ID  (43.682630005, -114.363730042)","HLT","500HLT","500SAM","1GEN","01"
"2005-2009","GA","Georgia","SAMMEC","Health Consequences and Costs","Smoking-Attributable Mortality (SAM)","Average Annual SAM",,,"6,990",,,"Male","  GA  (32.839681093, -83.627580346)","HLT","500HLT","501SAM","2GEN","02"
"2005-2009","MT","Montana","SAMMEC","Health Consequences and Costs","Smoking-Attributable Mortality (SAM)","Average Annual Deaths",,,"4,523",,,"Overall","  MT  (47.066528972, -109.424420645)","HLT","500HLT","500SAM","1GEN","01"
"2005-2009","ME","Maine","SAMMEC","Health Consequences and Costs","Smoking-Attributable Mortality (SAM)","Average Annual SAM",,,"1,350",,,"Male","  ME  (45.254228894001, -68.985031336)","HLT","500HLT","501SAM","2GEN","02"
"2005-2009","RI","Rhode Island","SAMMEC","Health Consequences and Costs","Smoking-Attributable Mortality (SAM)","Average Annual SAM",,,"910",,,"Male","  RI  (41.708280193, -71.522470314)","HLT","500HLT","501SAM","2GEN","02"
"2005-2009","TN","Tennessee","SAMMEC","Health Consequences and Costs","Smoking-Attributable Mortality (SAM)","Average Annual SAM",,,"11,380",,,"Overall","  TN  (35.68094058, -85.774490914)","HLT","500HLT","501SAM","1GEN","01"
"2005-2009","IN","Indiana","SAMMEC","Health Consequences and Costs","Smoking-Attributable Mortality (SAM)","Average Annual Deaths",,,"15,634",,,"Female","  IN  (39.766910452, -86.149960194)","HLT","500HLT","500SAM","3GEN","03"
"2005-2009","ND","North Dakota","SAMMEC","Health Consequences and Costs","Smoking-Attributable Mortality (SAM)","Average Annual Deaths",,,"1,677",,,"Male","  ND  (47.475319779, -100.118421049)","HLT","500HLT","500SAM","2GEN","02"
"2005-2009","MD","Maryland","SAMMEC","Health Consequences and Costs","Smoking-Attributable Mortality (SAM)","Average Annual SAM",,,"4,020",,,"Male","  MD  (39.290580964, -76.609260111)","HLT","500HLT","501SAM","2GEN","02"
"2005-2009","IN","Indiana","SAMMEC","Health Consequences and Costs","Smoking-Attributable Mortality (SAM)","Average Annual SAM",,,"11,070",,,"Overall","  IN  (39.766910452, -86.149960194)","HLT","500HLT","501SAM","1GEN","01"
"2005-2009","CT","Connecticut","SAMMEC","Health Consequences and Costs","Smoking-Attributable Mortality (SAM)","Average Annual SAM",,,"2,340",,,"Female","  CT  (41.56266102, -72.649840952)","HLT","500HLT","501SAM","3GEN","03"
"2005-2009","AR","Arkansas","SAMMEC","Health Consequences and Costs","Smoking-Attributable Mortality (SAM)","Average Annual Deaths",,,"8,405",,,"Male","  AR  (34.748650124, -92.274490743)","HLT","500HLT","500SAM","2GEN","02"
"2005-2009","KY","Kentucky","SAMMEC","Health Consequences and Costs","Smoking-Attributable Mortality (SAM)","Average Annual SAM",,,"3,740",,,"Female","  KY  (37.645970271, -84.774971048)","HLT","500HLT","501SAM","3GEN","03"
"2005-2009","FL","Florida","SAMMEC","Health Consequences and Costs","Smoking-Attributable Mortality (SAM)","Average Annual Deaths",,,"49,030",,,"Male","  FL  (28.932040377, -81.928960539)","HLT","500HLT","500SAM","2GEN","02"
"2005-2009","CO","Colorado","SAMMEC","Health Consequences and Costs","Smoking-Attributable Mortality (SAM)","Average Annual Deaths",,,"14,958",,,"Overall","  CO  (38.843840757, -106.133610921)","HLT","500HLT","500SAM","1GEN","01"
"2005-2009","OR","Oregon","SAMMEC","Health Consequences and Costs","Smoking-Attributable Mortality (SAM)","Average Annual Deaths",,,"16,380",,,"Overall","  OR  (44.567449424, -120.155031326)","HLT","500HLT","500SAM","1GEN","01"
"2005-2009","NM","New Mexico","SAMMEC","Health Consequences and Costs","Smoking-Attributable Mortality (SAM)","Average Annual SAM",,,"2,630",,,"Overall","  NM  (34.520880952, -106.240580985)","HLT","500HLT","501SAM","1GEN","01"
"2005-2009","NH","New Hampshire","SAMMEC","Health Consequences and Costs","Smoking-Attributable Mortality (SAM)","Average Annual SAM",,,"890",,,"Female","  NH  (43.655950113, -71.50036092)","HLT","500HLT","501SAM","3GEN","03"
"2005-2009","SC","South Carolina","SAMMEC","Health Consequences and Costs","Smoking-Attributable Mortality (SAM)","Average Annual SAM",,,"7,230",,,"Overall","  SC  (33.998821303, -81.045371207)","HLT","500HLT","501SAM","1GEN","01"
"2005-2009","ME","Maine","SAMMEC","Health Consequences and Costs","Smoking-Attributable Mortality (SAM)","Average Annual Deaths",,,"3,492",,,"Male","  ME  (45.254228894001, -68.985031336)","HLT","500HLT","500SAM","2GEN","02"
"2005-2009","KY","Kentucky","SAMMEC","Health Consequences and Costs","Smoking-Attributable Mortality (SAM)","Average Annual Deaths",,,"11,753",,,"Male","  KY  (37.645970271, -84.774971048)","HLT","500HLT","500SAM","2GEN","02"
"2005-2009","VT","Vermont","SAMMEC","Health Consequences and Costs","Smoking-Attributable Mortality (SAM)","Average Annual SAM",,,"530",,,"Male","  VT  (43.625381239, -72.517640791)","HLT","500HLT","501SAM","2GEN","02"
"2005-2009","SD","South Dakota","SAMMEC","Health Consequences and Costs","Smoking-Attributable Mortality (SAM)","Average Annual Deaths",,,"1,892",,,"Female","  SD  (44.353130053, -100.373530637)","HLT","500HLT","500SAM","3GEN","03"
"2005-2009","VT","Vermont","SAMMEC","Health Consequences and Costs","Smoking-Attributable Mortality (SAM)","Average Annual Deaths",,,"2,794",,,"Overall","  VT  (43.625381239, -72.517640791)","HLT","500HLT","500SAM","1GEN","01"
"2005-2009","AZ","Arizona","SAMMEC","Health Consequences and Costs","Smoking-Attributable Mortality (SAM)","Average Annual Deaths",,,"23,342",,,"Overall","  AZ  (34.86597028, -111.763811277)","HLT","500HLT","500SAM","1GEN","01"
"2005-2009","WA","Washington","SAMMEC","Health Consequences and Costs","Smoking-Attributable Mortality (SAM)","Average Annual SAM",,,"8,290",,,"Overall","  WA  (47.522278629, -120.47001079)","HLT","500HLT","501SAM","1GEN","01"
"2005-2009","ND","North Dakota","SAMMEC","Health Consequences and Costs","Smoking-Attributable Mortality (SAM)","Average Annual Deaths",,,"3,217",,,"Overall","  ND  (47.475319779, -100.118421049)","HLT","500HLT","500SAM","1GEN","01"
"2005-2009","OR","Oregon","SAMMEC","Health Consequences and Costs","Smoking-Attributable Mortality (SAM)","Average Annual SAM",,,"5,470",,,"Overall","  OR  (44.567449424, -120.155031326)","HLT","500HLT","501SAM","1GEN","01"
"2005-2009","CA","California","SAMMEC","Health Consequences and Costs","Smoking-Attributable Mortality (SAM)","Average Annual Deaths",,,"65,778",,,"Female","  CA  (37.638640123, -120.999999538)","HLT","500HLT","500SAM","3GEN","03"
"2005-2009","NJ","New Jersey","SAMMEC","Health Consequences and Costs","Smoking-Attributable Mortality (SAM)","Average Annual SAM",,,"5,470",,,"Female","  NJ  (40.130570048, -74.273691288)","HLT","500HLT","501SAM","3GEN","03"
"2005-2009","NC","North Carolina","SAMMEC","Health Consequences and Costs","Smoking-Attributable Mortality (SAM)","Average Annual Deaths",,,"20,569",,,"Male","  NC  (35.466220975, -79.159250463)","HLT","500HLT","500SAM","2GEN","02"
"2005-2009","SD","South Dakota","SAMMEC","Health Consequences and Costs","Smoking-Attributable Mortality (SAM)","Average Annual SAM",,,"770",,,"Male","  SD  (44.353130053, -100.373530637)","HLT","500HLT","501SAM","2GEN","02"
"2005-2009","NJ","New Jersey","SAMMEC","Health Consequences and Costs","Smoking-Attributable Mortality (SAM)","Average Annual SAM",,,"11,780",,,"Overall","  NJ  (40.130570048, -74.273691288)","HLT","500HLT","501SAM","1GEN","01"
"2005-2009","CO","Colorado","SAMMEC","Health Consequences and Costs","Smoking-Attributable Mortality (SAM)","Average Annual Deaths",,,"7,605",,,"Male","  CO  (38.843840757, -106.133610921)","HLT","500HLT","500SAM","2GEN","02"
"2005-2009","IL","Illinois","SAMMEC","Health Consequences and Costs","Smoking-Attributable Mortality (SAM)","Average Annual Deaths",,,"27,788",,,"Male","  IL  (40.485010283, -88.997710178)","HLT","500HLT","500SAM","2GEN","02"
"2005-2009","IL","Illinois","SAMMEC","Health Consequences and Costs","Smoking-Attributable Mortality (SAM)","Average Annual SAM",,,"7,950",,,"Female","  IL  (40.485010283, -88.997710178)","HLT","500HLT","501SAM","3GEN","03"
"2005-2009","OR","Oregon","SAMMEC","Health Consequences and Costs","Smoking-Attributable Mortality (SAM)","Average Annual Deaths",,,"8,423",,,"Male","  OR  (44.567449424, -120.155031326)","HLT","500HLT","500SAM","2GEN","02"
"2005-2009","AR","Arkansas","SAMMEC","Health Consequences and Costs","Smoking-Attributable Mortality (SAM)","Average Annual SAM",,,"5,790",,,"Overall","  AR  (34.748650124, -92.274490743)","HLT","500HLT","501SAM","1GEN","01"
"2005-2009","ME","Maine","SAMMEC","Health Consequences and Costs","Smoking-Attributable Mortality (SAM)","Average Annual Deaths",,,"3,364",,,"Female","  ME  (45.254228894001, -68.985031336)","HLT","500HLT","500SAM","3GEN","03"
"2005-2009","VT","Vermont","SAMMEC","Health Consequences and Costs","Smoking-Attributable Mortality (SAM)","Average Annual SAM",,,"960",,,"Overall","  VT  (43.625381239, -72.517640791)","HLT","500HLT","501SAM","1GEN","01"
"2005-2009","NJ","New Jersey","SAMMEC","Health Consequences and Costs","Smoking-Attributable Mortality (SAM)","Average Annual Deaths",,,"39,091",,,"Overall","  NJ  (40.130570048, -74.273691288)","HLT","500HLT","500SAM","1GEN","01"
"2005-2009","UT","Utah","SAMMEC","Health Consequences and Costs","Smoking-Attributable Mortality (SAM)","Average Annual SAM",,,"1,340",,,"Overall","  UT  (39.360700171, -111.587130635)","HLT","500HLT","501SAM","1GEN","01"
"2005-2009","AR","Arkansas","SAMMEC","Health Consequences and Costs","Smoking-Attributable Mortality (SAM)","Average Annual Deaths",,,"16,344",,,"Overall","  AR  (34.748650124, -92.274490743)","HLT","500HLT","500SAM","1GEN","01"
"2005-2009","MS","Mississippi","SAMMEC","Health Consequences and Costs","Smoking-Attributable Mortality (SAM)","Average Annual Deaths",,,"7,555",,,"Female","  MS  (32.745510099, -89.538030825)","HLT","500HLT","500SAM","3GEN","03"
"2005-2009","NV","Nevada","SAMMEC","Health Consequences and Costs","Smoking-Attributable Mortality (SAM)","Average Annual Deaths",,,"4,542",,,"Female","  NV  (39.49324039, -117.071840564)","HLT","500HLT","500SAM","3GEN","03"
"2005-2009","NJ","New Jersey","SAMMEC","Health Consequences and Costs","Smoking-Attributable Mortality (SAM)","Average Annual Deaths",,,"18,921",,,"Male","  NJ  (40.130570048, -74.273691288)","HLT","500HLT","500SAM","2GEN","02"
"2005-2009","NY","New York","SAMMEC","Health Consequences and Costs","Smoking-Attributable Mortality (SAM)","Average Annual Deaths",,,"43,060",,,"Male","  NY  (42.827001032, -75.543970427)","HLT","500HLT","500SAM","2GEN","02"
"2005-2009","NY","New York","SAMMEC","Health Consequences and Costs","Smoking-Attributable Mortality (SAM)","Average Annual SAM",,,"13,360",,,"Female","  NY  (42.827001032, -75.543970427)","HLT","500HLT","501SAM","3GEN","03"
"2005-2009","MO","Missouri","SAMMEC","Health Consequences and Costs","Smoking-Attributable Mortality (SAM)","Average Annual SAM",,,"10,970",,,"Overall","  MO  (38.635790776, -92.566300053)","HLT","500HLT","501SAM","1GEN","01"
"2005-2009","MT","Montana","SAMMEC","Health Consequences and Costs","Smoking-Attributable Mortality (SAM)","Average Annual SAM",,,"680",,,"Female","  MT  (47.066528972, -109.424420645)","HLT","500HLT","501SAM","3GEN","03"
"2005-2009","DE","Delaware","SAMMEC","Health Consequences and Costs","Smoking-Attributable Mortality (SAM)","Average Annual SAM",,,"1,440",,,"Overall","  DE  (39.008830667, -75.577741168)","HLT","500HLT","501SAM","1GEN","01"
"2005-2009","MO","Missouri","SAMMEC","Health Consequences and Costs","Smoking-Attributable Mortality (SAM)","Average Annual Deaths",,,"15,649",,,"Male","  MO  (38.635790776, -92.566300053)","HLT","500HLT","500SAM","2GEN","02"
"2005-2009","VA","Virginia","SAMMEC","Health Consequences and Costs","Smoking-Attributable Mortality (SAM)","Average Annual SAM",,,"10,310",,,"Overall","  VA  (37.542680674, -78.457890463)","HLT","500HLT","501SAM","1GEN","01"
"2005-2009","MI","Michigan","SAMMEC","Health Consequences and Costs","Smoking-Attributable Mortality (SAM)","Average Annual SAM",,,"16,170",,,"Overall","  MI  (44.661319543001, -84.71439027)","HLT","500HLT","501SAM","1GEN","01"
"2005-2009","KY","Kentucky","SAMMEC","Health Consequences and Costs","Smoking-Attributable Mortality (SAM)","Average Annual Deaths",,,"11,396",,,"Female","  KY  (37.645970271, -84.774971048)","HLT","500HLT","500SAM","3GEN","03"
"2005-2009","PA","Pennsylvania","SAMMEC","Health Consequences and Costs","Smoking-Attributable Mortality (SAM)","Average Annual SAM",,,"22,010",,,"Overall","  PA  (40.793730152, -77.860700294)","HLT","500HLT","501SAM","1GEN","01"
"2005-2009","NV","Nevada","SAMMEC","Health Consequences and Costs","Smoking-Attributable Mortality (SAM)","Average Annual SAM",,,"1,760",,,"Female","  NV  (39.49324039, -117.071840564)","HLT","500HLT","501SAM","3GEN","03"
"2005-2009","AZ","Arizona","SAMMEC","Health Consequences and Costs","Smoking-Attributable Mortality (SAM)","Average Annual SAM",,,"4,720",,,"Male","  AZ  (34.86597028, -111.763811277)","HLT","500HLT","501SAM","2GEN","02"
"2005-2009","LA","Louisiana","SAMMEC","Health Consequences and Costs","Smoking-Attributable Mortality (SAM)","Average Annual SAM",,,"7,210",,,"Overall","  LA  (31.312660644, -92.445680071)","HLT","500HLT","501SAM","1GEN","01"
"2005-2009","FL","Florida","SAMMEC","Health Consequences and Costs","Smoking-Attributable Mortality (SAM)","Average Annual SAM",,,"18,420",,,"Male","  FL  (28.932040377, -81.928960539)","HLT","500HLT","501SAM","2GEN","02"
"2005-2009","VT","Vermont","SAMMEC","Health Consequences and Costs","Smoking-Attributable Mortality (SAM)","Average Annual SAM",,,"430",,,"Female","  VT  (43.625381239, -72.517640791)","HLT","500HLT","501SAM","3GEN","03"
"2005-2009","WA","Washington","SAMMEC","Health Consequences and Costs","Smoking-Attributable Mortality (SAM)","Average Annual Deaths",,,"25,112",,,"Overall","  WA  (47.522278629, -120.47001079)","HLT","500HLT","500SAM","1GEN","01"
"2005-2009","CT","Connecticut","SAMMEC","Health Consequences and Costs","Smoking-Attributable Mortality (SAM)","Average Annual Deaths",,,"15,804",,,"Overall","  CT  (41.56266102, -72.649840952)","HLT","500HLT","500SAM","1GEN","01"
"2005-2009","MS","Mississippi","SAMMEC","Health Consequences and Costs","Smoking-Attributable Mortality (SAM)","Average Annual SAM",,,"5,410",,,"Overall","  MS  (32.745510099, -89.538030825)","HLT","500HLT","501SAM","1GEN","01"
"2005-2009","TX","Texas","SAMMEC","Health Consequences and Costs","Smoking-Attributable Mortality (SAM)","Average Annual Deaths",,,"84,996",,,"Overall","  TX  (31.827240407, -99.426770206)","HLT","500HLT","500SAM","1GEN","01"
"2005-2009","NM","New Mexico","SAMMEC","Health Consequences and Costs","Smoking-Attributable Mortality (SAM)","Average Annual SAM",,,"1,530",,,"Male","  NM  (34.520880952, -106.240580985)","HLT","500HLT","501SAM","2GEN","02"
"2005-2009","OR","Oregon","SAMMEC","Health Consequences and Costs","Smoking-Attributable Mortality (SAM)","Average Annual SAM",,,"2,400",,,"Female","  OR  (44.567449424, -120.155031326)","HLT","500HLT","501SAM","3GEN","03"
"2005-2009","DC","District of Columbia","SAMMEC","Health Consequences and Costs","Smoking-Attributable Mortality (SAM)","Average Annual Deaths",,,"1,263",,,"Male","  DC  (38.890371385, -77.031961127)","HLT","500HLT","500SAM","2GEN","02"
"2005-2009","MD","Maryland","SAMMEC","Health Consequences and Costs","Smoking-Attributable Mortality (SAM)","Average Annual Deaths",,,"11,955",,,"Female","  MD  (39.290580964, -76.609260111)","HLT","500HLT","500SAM","3GEN","03"
"2005-2009","SC","South Carolina","SAMMEC","Health Consequences and Costs","Smoking-Attributable Mortality (SAM)","Average Annual Deaths",,,"9,764",,,"Female","  SC  (33.998821303, -81.045371207)","HLT","500HLT","500SAM","3GEN","03"
"2005-2009","IN","Indiana","SAMMEC","Health Consequences and Costs","Smoking-Attributable Mortality (SAM)","Average Annual Deaths",,,"31,425",,,"Overall","  IN  (39.766910452, -86.149960194)","HLT","500HLT","500SAM","1GEN","01"
"2005-2009","IL","Illinois","SAMMEC","Health Consequences and Costs","Smoking-Attributable Mortality (SAM)","Average Annual Deaths",,,"56,421",,,"Overall","  IL  (40.485010283, -88.997710178)","HLT","500HLT","500SAM","1GEN","01"
"2005-2009","KY","Kentucky","SAMMEC","Health Consequences and Costs","Smoking-Attributable Mortality (SAM)","Average Annual SAM",,,"8,860",,,"Overall","  KY  (37.645970271, -84.774971048)","HLT","500HLT","501SAM","1GEN","01"
"2005-2009","NY","New York","SAMMEC","Health Consequences and Costs","Smoking-Attributable Mortality (SAM)","Average Annual Deaths",,,"47,313",,,"Female","  NY  (42.827001032, -75.543970427)","HLT","500HLT","500SAM","3GEN","03"
"2005-2009","CO","Colorado","SAMMEC","Health Consequences and Costs","Smoking-Attributable Mortality (SAM)","Average Annual SAM",,,"5,070",,,"Overall","  CO  (38.843840757, -106.133610921)","HLT","500HLT","501SAM","1GEN","01"
"2005-2009","MN","Minnesota","SAMMEC","Health Consequences and Costs","Smoking-Attributable Mortality (SAM)","Average Annual SAM",,,"2,480",,,"Female","  MN  (46.355648736, -94.794200503)","HLT","500HLT","501SAM","3GEN","03"
"2005-2009","MN","Minnesota","SAMMEC","Health Consequences and Costs","Smoking-Attributable Mortality (SAM)","Average Annual Deaths",,,"18,796",,,"Overall","  MN  (46.355648736, -94.794200503)","HLT","500HLT","500SAM","1GEN","01"
"2005-2009","ND","North Dakota","SAMMEC","Health Consequences and Costs","Smoking-Attributable Mortality (SAM)","Average Annual SAM",,,"380",,,"Female","  ND  (47.475319779, -100.118421049)","HLT","500HLT","501SAM","3GEN","03"
"2005-2009","HI","Hawaii","SAMMEC","Health Consequences and Costs","Smoking-Attributable Mortality (SAM)","Average Annual Deaths",,,"5,118",,,"Overall","  HI  (21.304850435, -157.857749403)","HLT","500HLT","500SAM","1GEN","01"
"2005-2009","AK","Alaska","SAMMEC","Health Consequences and Costs","Smoking-Attributable Mortality (SAM)","Average Annual Deaths",,,"905",,,"Male","  AK  (64.845079957001, -147.722059036)","HLT","500HLT","500SAM","2GEN","02"
"2005-2009","MO","Missouri","SAMMEC","Health Consequences and Costs","Smoking-Attributable Mortality (SAM)","Average Annual Deaths",,,"31,414",,,"Overall","  MO  (38.635790776, -92.566300053)","HLT","500HLT","500SAM","1GEN","01"
"2005-2009","CA","California","SAMMEC","Health Consequences and Costs","Smoking-Attributable Mortality (SAM)","Average Annual Deaths",,,"132,974",,,"Overall","  CA  (37.638640123, -120.999999538)","HLT","500HLT","500SAM","1GEN","01"
"2005-2009","WI","Wisconsin","SAMMEC","Health Consequences and Costs","Smoking-Attributable Mortality (SAM)","Average Annual SAM",,,"4,530",,,"Male","  WI  (44.393191174, -89.816370742)","HLT","500HLT","501SAM","2GEN","02"
"2005-2009","AR","Arkansas","SAMMEC","Health Consequences and Costs","Smoking-Attributable Mortality (SAM)","Average Annual SAM",,,"3,500",,,"Male","  AR  (34.748650124, -92.274490743)","HLT","500HLT","501SAM","2GEN","02"
"2005-2009","MS","Mississippi","SAMMEC","Health Consequences and Costs","Smoking-Attributable Mortality (SAM)","Average Annual SAM",,,"2,050",,,"Female","  MS  (32.745510099, -89.538030825)","HLT","500HLT","501SAM","3GEN","03"
"2005-2009","ID","Idaho","SAMMEC","Health Consequences and Costs","Smoking-Attributable Mortality (SAM)","Average Annual Deaths",,,"2,691",,,"Female","  ID  (43.682630005, -114.363730042)","HLT","500HLT","500SAM","3GEN","03"
"2005-2009","RI","Rhode Island","SAMMEC","Health Consequences and Costs","Smoking-Attributable Mortality (SAM)","Average Annual Deaths",,,"2,592",,,"Male","  RI  (41.708280193, -71.522470314)","HLT","500HLT","500SAM","2GEN","02"
"2005-2009","IL","Illinois","SAMMEC","Health Consequences and Costs","Smoking-Attributable Mortality (SAM)","Average Annual SAM",,,"10,330",,,"Male","  IL  (40.485010283, -88.997710178)","HLT","500HLT","501SAM","2GEN","02"
"2005-2009","NE","Nebraska","SAMMEC","Health Consequences and Costs","Smoking-Attributable Mortality (SAM)","Average Annual SAM",,,"1,010",,,"Female","  NE  (41.641040988001, -99.365720623)","HLT","500HLT","501SAM","3GEN","03"
"2005-2009","MD","Maryland","SAMMEC","Health Consequences and Costs","Smoking-Attributable Mortality (SAM)","Average Annual Deaths",,,"11,509",,,"Male","  MD  (39.290580964, -76.609260111)","HLT","500HLT","500SAM","2GEN","02"
"2005-2009","FL","Florida","SAMMEC","Health Consequences and Costs","Smoking-Attributable Mortality (SAM)","Average Annual Deaths",,,"92,978",,,"Overall","  FL  (28.932040377, -81.928960539)","HLT","500HLT","500SAM","1GEN","01"
"2005-2009","NJ","New Jersey","SAMMEC","Health Consequences and Costs","Smoking-Attributable Mortality (SAM)","Average Annual Deaths",,,"20,171",,,"Female","  NJ  (40.130570048, -74.273691288)","HLT","500HLT","500SAM","3GEN","03"
"2005-2009","NH","New Hampshire","SAMMEC","Health Consequences and Costs","Smoking-Attributable Mortality (SAM)","Average Annual Deaths",,,"2,777",,,"Female","  NH  (43.655950113, -71.50036092)","HLT","500HLT","500SAM","3GEN","03"
"2005-2009","NC","North Carolina","SAMMEC","Health Consequences and Costs","Smoking-Attributable Mortality (SAM)","Average Annual SAM",,,"14,220",,,"Overall","  NC  (35.466220975, -79.159250463)","HLT","500HLT","501SAM","1GEN","01"
"2005-2009","MO","Missouri","SAMMEC","Health Consequences and Costs","Smoking-Attributable Mortality (SAM)","Average Annual Deaths",,,"15,763",,,"Female","  MO  (38.635790776, -92.566300053)","HLT","500HLT","500SAM","3GEN","03"
"2005-2009","CT","Connecticut","SAMMEC","Health Consequences and Costs","Smoking-Attributable Mortality (SAM)","Average Annual SAM",,,"4,900",,,"Overall","  CT  (41.56266102, -72.649840952)","HLT","500HLT","501SAM","1GEN","01"
"2005-2009","DE","Delaware","SAMMEC","Health Consequences and Costs","Smoking-Attributable Mortality (SAM)","Average Annual SAM",,,"650",,,"Female","  DE  (39.008830667, -75.577741168)","HLT","500HLT","501SAM","3GEN","03"
"2005-2009","SC","South Carolina","SAMMEC","Health Consequences and Costs","Smoking-Attributable Mortality (SAM)","Average Annual SAM",,,"4,470",,,"Male","  SC  (33.998821303, -81.045371207)","HLT","500HLT","501SAM","2GEN","02"
"2005-2009","SD","South Dakota","SAMMEC","Health Consequences and Costs","Smoking-Attributable Mortality (SAM)","Average Annual SAM",,,"1,250",,,"Overall","  SD  (44.353130053, -100.373530637)","HLT","500HLT","501SAM","1GEN","01"
"2005-2009","LA","Louisiana","SAMMEC","Health Consequences and Costs","Smoking-Attributable Mortality (SAM)","Average Annual Deaths",,,"10,494",,,"Female","  LA  (31.312660644, -92.445680071)","HLT","500HLT","500SAM","3GEN","03"
"2005-2009","OH","Ohio","SAMMEC","Health Consequences and Costs","Smoking-Attributable Mortality (SAM)","Average Annual Deaths",,,"59,710",,,"Overall","  OH  (40.060210141, -82.404260056)","HLT","500HLT","500SAM","1GEN","01"
"2005-2009","SC","South Carolina","SAMMEC","Health Consequences and Costs","Smoking-Attributable Mortality (SAM)","Average Annual Deaths",,,"20,722",,,"Overall","  SC  (33.998821303, -81.045371207)","HLT","500HLT","500SAM","1GEN","01"
"2005-2009","NH","New Hampshire","SAMMEC","Health Consequences and Costs","Smoking-Attributable Mortality (SAM)","Average Annual Deaths",,,"5,601",,,"Overall","  NH  (43.655950113, -71.50036092)","HLT","500HLT","500SAM","1GEN","01"
"2005-2009","PA","Pennsylvania","SAMMEC","Health Consequences and Costs","Smoking-Attributable Mortality (SAM)","Average Annual Deaths",,,"35,927",,,"Female","  PA  (40.793730152, -77.860700294)","HLT","500HLT","500SAM","3GEN","03"
"2005-2009","ID","Idaho","SAMMEC","Health Consequences and Costs","Smoking-Attributable Mortality (SAM)","Average Annual SAM",,,"1,800",,,"Overall","  ID  (43.682630005, -114.363730042)","HLT","500HLT","501SAM","1GEN","01"
"2005-2009","MN","Minnesota","SAMMEC","Health Consequences and Costs","Smoking-Attributable Mortality (SAM)","Average Annual SAM",,,"5,910",,,"Overall","  MN  (46.355648736, -94.794200503)","HLT","500HLT","501SAM","1GEN","01"
"2005-2009","WV","West Virginia","SAMMEC","Health Consequences and Costs","Smoking-Attributable Mortality (SAM)","Average Annual SAM",,,"2,440",,,"Male","  WV  (38.665510202, -80.712640135)","HLT","500HLT","501SAM","2GEN","02"
"2005-2009","SC","South Carolina","SAMMEC","Health Consequences and Costs","Smoking-Attributable Mortality (SAM)","Average Annual SAM",,,"2,760",,,"Female","  SC  (33.998821303, -81.045371207)","HLT","500HLT","501SAM","3GEN","03"
"2005-2009","CO","Colorado","SAMMEC","Health Consequences and Costs","Smoking-Attributable Mortality (SAM)","Average Annual Deaths",,,"7,353",,,"Female","  CO  (38.843840757, -106.133610921)","HLT","500HLT","500SAM","3GEN","03"
"2005-2009","WY","Wyoming","SAMMEC","Health Consequences and Costs","Smoking-Attributable Mortality (SAM)","Average Annual SAM",,,"450",,,"Male","  WY  (43.235541343, -108.109830353)","HLT","500HLT","501SAM","2GEN","02"
"2005-2009","NC","North Carolina","SAMMEC","Health Consequences and Costs","Smoking-Attributable Mortality (SAM)","Average Annual SAM",,,"5,840",,,"Female","  NC  (35.466220975, -79.159250463)","HLT","500HLT","501SAM","3GEN","03"
"2005-2009","CT","Connecticut","SAMMEC","Health Consequences and Costs","Smoking-Attributable Mortality (SAM)","Average Annual SAM",,,"2,560",,,"Male","  CT  (41.56266102, -72.649840952)","HLT","500HLT","501SAM","2GEN","02"
"2005-2009","FL","Florida","SAMMEC","Health Consequences and Costs","Smoking-Attributable Mortality (SAM)","Average Annual SAM",,,"13,890",,,"Female","  FL  (28.932040377, -81.928960539)","HLT","500HLT","501SAM","3GEN","03"
"2005-2009","AL","Alabama","SAMMEC","Health Consequences and Costs","Smoking-Attributable Mortality (SAM)","Average Annual SAM",,,"8,650",,,"Overall","  AL  (32.840571122, -86.631860762)","HLT","500HLT","501SAM","1GEN","01"
"2005-2009","IN","Indiana","SAMMEC","Health Consequences and Costs","Smoking-Attributable Mortality (SAM)","Average Annual SAM",,,"6,330",,,"Male","  IN  (39.766910452, -86.149960194)","HLT","500HLT","501SAM","2GEN","02"
"2005-2009","OK","Oklahoma","SAMMEC","Health Consequences and Costs","Smoking-Attributable Mortality (SAM)","Average Annual Deaths",,,"10,546",,,"Male","  OK  (35.472031356, -97.521070214)","HLT","500HLT","500SAM","2GEN","02"
"2005-2009","VA","Virginia","SAMMEC","Health Consequences and Costs","Smoking-Attributable Mortality (SAM)","Average Annual Deaths",,,"15,373",,,"Female","  VA  (37.542680674, -78.457890463)","HLT","500HLT","500SAM","3GEN","03"
"2005-2009","SC","South Carolina","SAMMEC","Health Consequences and Costs","Smoking-Attributable Mortality (SAM)","Average Annual Deaths",,,"10,957",,,"Male","  SC  (33.998821303, -81.045371207)","HLT","500HLT","500SAM","2GEN","02"
"2005-2009","MT","Montana","SAMMEC","Health Consequences and Costs","Smoking-Attributable Mortality (SAM)","Average Annual SAM",,,"890",,,"Male","  MT  (47.066528972, -109.424420645)","HLT","500HLT","501SAM","2GEN","02"
"2005-2009","DC","District of Columbia","SAMMEC","Health Consequences and Costs","Smoking-Attributable Mortality (SAM)","Average Annual SAM",,,"450",,,"Male","  DC  (38.890371385, -77.031961127)","HLT","500HLT","501SAM","2GEN","02"
"2005-2009","NH","New Hampshire","SAMMEC","Health Consequences and Costs","Smoking-Attributable Mortality (SAM)","Average Annual Deaths",,,"2,826",,,"Male","  NH  (43.655950113, -71.50036092)","HLT","500HLT","500SAM","2GEN","02"
"2005-2009","TN","Tennessee","SAMMEC","Health Consequences and Costs","Smoking-Attributable Mortality (SAM)","Average Annual Deaths",,,"15,665",,,"Female","  TN  (35.68094058, -85.774490914)","HLT","500HLT","500SAM","3GEN","03"
"2005-2009","AL","Alabama","SAMMEC","Health Consequences and Costs","Smoking-Attributable Mortality (SAM)","Average Annual Deaths",,,"12,685",,,"Female","  AL  (32.840571122, -86.631860762)","HLT","500HLT","500SAM","3GEN","03"
"2005-2009","AL","Alabama","SAMMEC","Health Consequences and Costs","Smoking-Attributable Mortality (SAM)","Average Annual SAM",,,"3,360",,,"Female","  AL  (32.840571122, -86.631860762)","HLT","500HLT","501SAM","3GEN","03"
"2005-2009","NV","Nevada","SAMMEC","Health Consequences and Costs","Smoking-Attributable Mortality (SAM)","Average Annual SAM",,,"4,050",,,"Overall","  NV  (39.49324039, -117.071840564)","HLT","500HLT","501SAM","1GEN","01"
"2005-2009","ID","Idaho","SAMMEC","Health Consequences and Costs","Smoking-Attributable Mortality (SAM)","Average Annual Deaths",,,"2,962",,,"Male","  ID  (43.682630005, -114.363730042)","HLT","500HLT","500SAM","2GEN","02"
"2005-2009","MI","Michigan","SAMMEC","Health Consequences and Costs","Smoking-Attributable Mortality (SAM)","Average Annual Deaths",,,"24,940",,,"Male","  MI  (44.661319543001, -84.71439027)","HLT","500HLT","500SAM","2GEN","02"
"2005-2009","ME","Maine","SAMMEC","Health Consequences and Costs","Smoking-Attributable Mortality (SAM)","Average Annual Deaths",,,"6,856",,,"Overall","  ME  (45.254228894001, -68.985031336)","HLT","500HLT","500SAM","1GEN","01"
"2005-2009","GA","Georgia","SAMMEC","Health Consequences and Costs","Smoking-Attributable Mortality (SAM)","Average Annual SAM",,,"11,690",,,"Overall","  GA  (32.839681093, -83.627580346)","HLT","500HLT","501SAM","1GEN","01"
"2005-2009","CA","California","SAMMEC","Health Consequences and Costs","Smoking-Attributable Mortality (SAM)","Average Annual Deaths",,,"67,192",,,"Male","  CA  (37.638640123, -120.999999538)","HLT","500HLT","500SAM","2GEN","02"
"2005-2009","AR","Arkansas","SAMMEC","Health Consequences and Costs","Smoking-Attributable Mortality (SAM)","Average Annual SAM",,,"2,290",,,"Female","  AR  (34.748650124, -92.274490743)","HLT","500HLT","501SAM","3GEN","03"
"2005-2009","UT","Utah","SAMMEC","Health Consequences and Costs","Smoking-Attributable Mortality (SAM)","Average Annual SAM",,,"460",,,"Female","  UT  (39.360700171, -111.587130635)","HLT","500HLT","501SAM","3GEN","03"
"2005-2009","MA","Massachusetts","SAMMEC","Health Consequences and Costs","Smoking-Attributable Mortality (SAM)","Average Annual SAM",,,"4,850",,,"Male","  MA  (42.27687047, -72.082690675)","HLT","500HLT","501SAM","2GEN","02"
"2005-2009","NY","New York","SAMMEC","Health Consequences and Costs","Smoking-Attributable Mortality (SAM)","Average Annual SAM",,,"14,810",,,"Male","  NY  (42.827001032, -75.543970427)","HLT","500HLT","501SAM","2GEN","02"
"2005-2009","LA","Louisiana","SAMMEC","Health Consequences and Costs","Smoking-Attributable Mortality (SAM)","Average Annual SAM",,,"4,320",,,"Male","  LA  (31.312660644, -92.445680071)","HLT","500HLT","501SAM","2GEN","02"
"2005-2009","KS","Kansas","SAMMEC","Health Consequences and Costs","Smoking-Attributable Mortality (SAM)","Average Annual Deaths",,,"6,878",,,"Female","  KS  (38.3477403, -98.200781227)","HLT","500HLT","500SAM","3GEN","03"
"2005-2009","AZ","Arizona","SAMMEC","Health Consequences and Costs","Smoking-Attributable Mortality (SAM)","Average Annual SAM",,,"3,530",,,"Female","  AZ  (34.86597028, -111.763811277)","HLT","500HLT","501SAM","3GEN","03"
"2005-2009","OK","Oklahoma","SAMMEC","Health Consequences and Costs","Smoking-Attributable Mortality (SAM)","Average Annual Deaths",,,"20,782",,,"Overall","  OK  (35.472031356, -97.521070214)","HLT","500HLT","500SAM","1GEN","01"
"2005-2009","VA","Virginia","SAMMEC","Health Consequences and Costs","Smoking-Attributable Mortality (SAM)","Average Annual SAM",,,"5,880",,,"Male","  VA  (37.542680674, -78.457890463)","HLT","500HLT","501SAM","2GEN","02"
"2005-2009","MA","Massachusetts","SAMMEC","Health Consequences and Costs","Smoking-Attributable Mortality (SAM)","Average Annual Deaths",,,"13,819",,,"Male","  MA  (42.27687047, -72.082690675)","HLT","500HLT","500SAM","2GEN","02"
"2005-2009","DC","District of Columbia","SAMMEC","Health Consequences and Costs","Smoking-Attributable Mortality (SAM)","Average Annual SAM",,,"350",,,"Female","  DC  (38.890371385, -77.031961127)","HLT","500HLT","501SAM","3GEN","03"
"2005-2009","TN","Tennessee","SAMMEC","Health Consequences and Costs","Smoking-Attributable Mortality (SAM)","Average Annual SAM",,,"6,770",,,"Male","  TN  (35.68094058, -85.774490914)","HLT","500HLT","501SAM","2GEN","02"
"2005-2009","NY","New York","SAMMEC","Health Consequences and Costs","Smoking-Attributable Mortality (SAM)","Average Annual SAM",,,"28,170",,,"Overall","  NY  (42.827001032, -75.543970427)","HLT","500HLT","501SAM","1GEN","01"
"2005-2009","IA","Iowa","SAMMEC","Health Consequences and Costs","Smoking-Attributable Mortality (SAM)","Average Annual Deaths",,,"15,998",,,"Overall","  IA  (42.469400913, -93.816490556)","HLT","500HLT","500SAM","1GEN","01"
"2005-2009","US","United States","SAMMEC","Health Consequences and Costs","Smoking-Attributable Mortality (SAM)","Average Annual SAM",,,"254,100",,,"Male","  US  (39.8333, 98.5833)","HLT","500HLT","501SAM","2GEN","02"
"2005-2009","US","United States","SAMMEC","Health Consequences and Costs","Smoking-Attributable Mortality (SAM)","Average Annual Deaths",,,"664,262",,,"Female","  US  (39.8333, 98.5833)","HLT","500HLT","500SAM","3GEN","03"
"2005-2009","US","United States","SAMMEC","Health Consequences and Costs","Smoking-Attributable Mortality (SAM)","Average Annual Deaths",,,"1,340,503",,,"Overall","  US  (39.8333, 98.5833)","HLT","500HLT","500SAM","1GEN","01"
"2005-2009","US","United States","SAMMEC","Health Consequences and Costs","Smoking-Attributable Mortality (SAM)","Average Annual Deaths",,,"676,241",,,"Male","  US  (39.8333, 98.5833)","HLT","500HLT","500SAM","2GEN","02"
"2005-2009","US","United States","SAMMEC","Health Consequences and Costs","Smoking-Attributable Mortality (SAM)","Average Annual SAM",,,"437,400",,,"Overall","  US  (39.8333, 98.5833)","HLT","500HLT","501SAM","1GEN","01"
"2005-2009","US","United States","SAMMEC","Health Consequences and Costs","Smoking-Attributable Mortality (SAM)","Average Annual SAM",,,"183,300",,,"Female","  US  (39.8333, 98.5833)","HLT","500HLT","501SAM","3GEN","03"
